,Mean_amplitude,Mean_spectral_centroids,Mfcc,Sample_name,Tempo,Total_zero_crossings,Zero_crossing_rate
0,0.08361181616783142,1454.9295008907377,"[ -4.05057987e+02  -3.85872164e+02  -4.11563089e+02  -3.73799176e+02
  -3.73279776e+02  -3.94049715e+02  -3.54735707e+02  -3.69392509e+02
  -3.87841946e+02  -3.66606187e+02  -4.58397419e+02  -5.06263417e+02
  -5.06713850e+02  -4.94624295e+02  -4.82614271e+02  -4.23491060e+02
  -3.72794978e+02  -3.92577003e+02  -3.60628775e+02  -3.67349702e+02
  -3.34110196e+02  -3.40381559e+02  -3.77679089e+02  -3.50334412e+02
  -3.53681142e+02  -4.09624124e+02   1.65078500e+02   1.68344965e+02
   1.71722920e+02   1.44198374e+02   1.30621454e+02   1.52836770e+02
   1.33068803e+02   1.44210416e+02   1.46793288e+02   1.34440719e+02
   1.77046098e+02   1.52254960e+02   1.34383421e+02   1.29697289e+02
   1.11942618e+02   1.19431905e+02   1.57196716e+02   1.62738121e+02
   1.48044114e+02   1.45856765e+02   1.21527573e+02   1.44130068e+02
   1.51541543e+02   1.36985101e+02   1.24557890e+02   1.48522826e+02
  -5.27407970e+01  -4.19327786e+01  -5.03642691e+01  -5.34921912e+01
  -4.34415590e+01  -4.96098234e+01  -4.62430596e+01  -4.64057372e+01
  -5.11563871e+01  -4.32445890e+01  -3.70618514e+01  -4.06141225e+01
  -3.99539448e+01  -5.18793660e+01  -5.61507582e+01  -7.20064068e+01
  -3.77732240e+01  -3.61648034e+01  -4.71732617e+01  -4.69457517e+01
  -4.32281086e+01  -4.33127502e+01  -4.72031943e+01  -6.18234355e+01
  -4.75348392e+01  -4.63381975e+01   3.29727450e+01   3.53219961e+01
   3.49287672e+01   2.93397473e+01   3.16766271e+01   3.05486788e+01
   3.16728181e+01   2.87130564e+01   3.17174745e+01   2.86334573e+01
   3.48315580e+01   3.15811706e+01   2.86047075e+01   2.01541543e+01
   2.70674534e+01   1.94363363e+01   3.55522323e+01   3.56493173e+01
   3.37520890e+01   2.97920291e+01   2.70483450e+01   2.21689965e+01
   3.26407659e+01   1.67734840e+01   2.63764830e+01   3.33329455e+01
  -6.85040532e+00  -6.16958982e+00  -1.00825089e+01  -7.79482249e+00
  -6.13445174e+00  -6.74687931e+00  -3.57325575e+00   2.18613233e-01
  -7.43771771e+00  -4.60587303e+00  -2.21586680e+00  -5.60617738e+00
  -1.66454436e+01  -2.46408261e+01  -2.53014434e+01  -2.13076100e+01
  -7.15077824e+00  -7.93552997e+00  -1.11588739e+01  -1.65604176e+01
  -1.23544564e+01  -1.10633524e+01  -1.09079324e+01  -1.81009797e+01
  -5.39176219e+00   5.50445724e-01   2.20470136e+00   2.87157847e+00
   7.95641442e+00   5.28095125e+00   6.08654452e+00   1.14989011e+01
   3.93203996e-01   4.60339945e+00   2.20826517e+00   4.42599580e+00
   7.76416317e+00   7.33796769e-01  -4.80318786e-01  -1.12349979e+01
  -8.53035950e+00  -4.87791149e+00   6.84306892e+00   1.89832901e+00
   1.90102144e-01   1.17326653e-01  -2.89499805e-02  -2.76556293e+00
   1.67041975e+00  -2.00727258e+00   5.21674151e+00   4.50239641e+00
   1.68740393e+00   2.20736593e+00  -3.02557928e+00   2.48195732e+00
  -8.11181813e-01   8.30897700e-01  -3.62609109e-01   4.81664629e+00
  -1.40112335e+00  -3.76254813e-01  -3.21196407e-01  -3.95271290e+00
  -7.64222502e+00  -1.11961119e+01  -3.01826719e+00  -6.35655213e+00
  -4.93417214e+00  -6.59806295e+00  -1.11574643e-03  -7.99502254e+00
  -3.97663075e+00  -7.11094132e+00  -7.02161683e+00  -5.59543775e+00
  -3.47788900e+00   5.71029031e-02   2.46562920e+00   6.92432021e+00
   2.28247072e+00   9.01135053e-01   6.44294338e+00   8.42873490e+00
   7.55111313e+00   8.71156220e+00   4.44352665e+00   6.53651670e+00
   1.01966799e+01   6.64215840e+00   5.41089174e+00   8.72255588e+00
   2.01066114e+01   3.61887169e+00   2.24095692e+00  -1.44828555e-01
   2.81722825e+00  -2.38218714e-01   1.01620550e+01   4.35902461e+00
   1.16883012e+00   5.24035050e+00   1.04356788e+01   1.25514631e+00
   5.15172759e+00   2.01913131e+00  -3.59318659e+00  -6.99112203e+00
  -3.96566871e+00  -6.77498794e+00  -1.02440394e+01  -7.36602087e+00
  -1.92320140e+00  -8.22920326e+00  -1.21780328e+00   3.56365388e+00
  -5.83367535e+00   9.33760318e+00   4.63745868e+00  -1.88384994e+01
  -2.21189971e+00  -6.20225356e+00  -6.10333421e+00  -4.37342958e+00
  -2.18737415e+00  -7.47427658e+00  -1.07245933e+01  -1.07072605e+01
   1.97427949e+00  -3.94181353e+00  -3.06030968e+00  -1.47301080e+00
  -4.68724501e+00  -1.69258557e+00  -7.05751992e-01   1.37212376e+00
  -9.70698079e+00  -5.10236162e+00  -3.14646437e+00  -9.07665488e+00
  -4.82346302e+00   1.59255342e+00  -9.66076304e-01   9.83635621e+00
  -2.23466817e+00  -1.96128886e+01  -5.47807527e+00   8.69608135e-01
  -1.11265123e+01  -2.89133667e+00   6.91068019e+00  -2.95837183e+00
  -5.59767712e+00   3.72613119e+00   3.79671477e+00   5.68035961e+00
  -1.02952521e+01  -1.15778980e+01  -1.06235051e+01  -1.70457720e+01
  -1.10897791e+01  -1.29189455e+01  -1.35331578e+01  -1.24090382e+01
  -1.99383363e+01  -1.50658596e+01  -1.48163257e+01  -2.03118408e+01
  -4.69568433e+00  -1.30797581e+00  -2.94366873e+01  -1.53596338e+01
  -1.41193645e+01  -1.01136230e+01  -1.36408785e+01  -8.14598499e+00
  -1.32938364e+01  -1.21919127e+01  -1.32067968e+01  -2.41232985e+00
  -1.98553394e+01  -1.09381481e+01  -5.09590455e+00  -1.28976959e-02
  -3.49490852e-01   2.63580462e-01   8.43752478e+00   3.31875259e+00
   6.40422952e+00   4.19897743e+00  -1.66701961e+00   6.38836141e+00
   1.48824320e+00   1.53024423e+00   6.49000465e+00  -6.45874650e+00
  -1.63134667e+01   5.55456894e+00   4.15701141e+00  -1.60236015e+00
   2.34922068e+00   6.13367934e+00  -9.09016689e-01   3.55583094e+00
   1.07043572e+00   8.33878146e+00  -9.84513746e+00   3.83065835e-01
  -2.87018317e+00  -6.88260791e+00  -2.98873819e+00  -5.27194640e+00
   3.70032599e-01  -4.09700512e+00   8.00240523e+00  -2.63165201e+00
  -5.33695287e+00   1.15384349e+00  -1.38293048e+00   4.31697315e+00
   1.57543476e+01  -7.00903542e+00   2.24614952e+00   1.39522164e+01
  -8.34597704e-01  -9.99711716e-01   3.60329856e+00   3.58999127e-01
  -5.25186779e+00   2.08062245e+00  -2.62617519e+00   5.50038217e+00
  -2.96509036e+00   6.31055859e+00  -3.01000028e+00  -2.83568768e+00
  -7.70066294e-01  -9.74348138e+00  -4.92272826e+00  -4.10745097e+00
  -1.33046314e+00  -7.66030242e-01  -1.74976079e+00   4.74455182e+00
  -1.43944096e+00   1.18754199e+01   3.97456277e+00  -4.67065194e+00
   8.90280744e+00   3.24444879e+00   3.61225504e+00   2.45262412e+00
   4.37979485e+00   4.24564157e+00  -1.16777457e+00   4.25302480e+00
   4.32476267e+00  -6.57354317e+00   5.56293675e+00   1.51244869e+01
   1.78839716e+00  -4.69426178e+00  -4.34012035e+00  -1.37555089e+01
  -1.28679042e+01  -8.92816370e+00  -9.07710584e+00  -1.16887085e+01
  -7.24445924e+00   1.25970502e+00  -8.77329949e-01   2.03387678e+01
  -4.17442615e+00   4.30636827e-01   7.10170148e+00   8.89134885e+00
   1.51413649e+00  -1.74700667e+00   1.03911386e+00  -5.90695396e-01
   4.35398687e+00  -2.13658523e+00   7.06225424e-01  -1.10991774e+00
   1.58891459e+00  -1.38914873e+00   4.74728415e+00   6.18192497e+00
   4.10837464e+00  -2.59608303e+00  -3.38725340e+00  -3.46458626e+00
  -6.53879177e+00  -4.80971714e+00  -3.60623089e+00   6.17804293e+00
   5.99275631e+00   2.17614744e+01   3.46538941e+00   1.27979129e+01
  -9.30418670e-01   2.03208096e+01   8.74449811e+00   4.98724536e+00
   1.14814901e+01   3.78833465e+00   2.09586570e+00   2.53022677e+00
   6.53668579e+00   2.55340819e+00   2.97531044e+00   5.75227086e+00
   2.10967590e+00  -2.42503010e+00  -6.55720328e-01  -8.74174440e-01
  -4.80000788e+00  -5.31313828e+00  -1.73645238e+01  -1.28421092e+01
  -1.16853639e+01  -4.78152601e+00  -4.91542234e+00   2.93196637e+00
  -1.35819351e+01  -7.42270099e+00  -3.49559363e+00   5.20630096e+00
  -7.67230679e-01  -2.19528870e+00   4.76954132e+00  -5.53880697e+00
  -1.15553910e+00  -4.77402750e+00  -2.35632699e+00  -5.48742352e+00
   1.08470522e+00   2.42734141e+00  -7.49607986e-01  -1.55076424e+00
   4.22514542e+00   9.02631430e+00   1.44201072e+01   2.83362602e+00
  -8.79454095e-01   2.30631310e+00  -5.99877807e+00  -5.31519208e+00
  -5.04643492e+00  -1.57508327e+01  -1.95879045e+00  -7.30739952e+00
  -7.17412679e+00   7.54945031e+00   4.95422415e+00   3.13066353e+00
  -2.47129781e+00   1.93498515e+00   7.00957303e+00  -2.66011882e+00
  -1.70246906e-01  -3.63338496e+00   9.04519667e+00   1.36046566e+01
   3.39452504e-01  -4.56416162e+00  -4.07991481e+00   1.72865660e+00
   3.51338141e-01   4.51447772e+00   6.90126183e+00   8.71491270e-01
  -6.10044349e+00  -1.21410042e+01  -3.85920194e+00  -1.66836098e+01
  -1.75986351e+01  -9.61574482e-01  -1.78833025e+01   1.06027102e+00
  -8.28278767e+00   7.82653056e-01  -3.27293603e+00  -6.98890096e+00
  -3.75078716e+00  -1.09833551e+01  -1.14495579e+01  -4.46016061e+00
   1.91538167e+00   3.74581447e-01  -6.40130045e+00   2.05746848e+00
  -5.62433975e-01  -3.46217779e+00  -6.13691930e+00   7.30723272e+00
   4.61929546e+00   7.64300665e+00   2.17100830e-01  -5.70713247e+00
  -6.23838235e-01  -6.59777646e+00  -1.37250989e+01   8.36022764e+00
  -5.36378470e+00  -3.50704115e+00  -1.72053139e+00   3.36990166e+00
  -5.74660711e+00  -5.68716117e+00  -1.52365529e+01  -3.80663930e+00
  -1.06506974e+01  -1.12100097e+01  -2.07391399e+00  -3.78827756e+00]",sample0.wav,143.5546875,43406.0,"[ 0.03165533  0.05015873  0.06480726  0.08222222  0.09346939  0.06702948
  0.09206349  0.07269841  0.07777778  0.09120181  0.0584127   0.06113379
  0.05986395  0.08136054  0.10108844  0.11469388  0.07455782  0.06385488
  0.07365079  0.07791383  0.08517007  0.0815873   0.08970522  0.10870748
  0.0830839   0.03056689]"
1,0.07254878431558609,1205.105214617249,"[ -7.35646593e+02  -7.71197353e+02  -7.83541941e+02  -7.90517077e+02
  -7.67608455e+02  -6.38197616e+02  -5.25441315e+02  -5.14560551e+02
  -5.04183837e+02  -5.07971278e+02  -5.10156700e+02  -4.72597977e+02
  -4.67562946e+02  -4.77558099e+02  -4.55380178e+02  -4.80369114e+02
  -4.72285974e+02  -4.68825150e+02  -5.05563012e+02  -5.42533411e+02
  -5.37592492e+02  -4.80786767e+02  -4.84558791e+02  -4.48684717e+02
  -4.69432603e+02  -4.76579739e+02   1.28947334e+02   1.11900729e+02
   9.70281045e+01   9.05147251e+01   9.60107578e+01   1.27876456e+02
   1.41390874e+02   1.49693230e+02   1.24792113e+02   1.42306871e+02
   1.58018234e+02   1.50468871e+02   1.43878899e+02   1.38785994e+02
   1.58282203e+02   1.48695098e+02   1.52476016e+02   1.68607340e+02
   1.58454360e+02   1.63444165e+02   1.71404192e+02   1.59372906e+02
   1.52270994e+02   1.38215537e+02   1.34075711e+02   1.29203391e+02
  -1.53704918e+01   5.49435621e+00   9.46675434e+00   7.55343320e+00
   2.18179215e+00  -1.69191927e+01  -3.23230171e+01  -4.31975556e+01
  -2.41068598e+01  -3.66194390e+01  -2.31318061e+01  -2.75962308e+01
  -2.13274201e+01  -1.68441409e+01  -1.95347250e+01  -2.25236404e+01
  -3.67898181e+01  -3.44554741e+01  -3.94702396e+01  -3.42936731e+01
  -3.65066004e+01  -5.61131602e+01  -4.62410167e+01  -3.37795415e+01
  -2.86526828e+01  -3.40065068e+01  -1.89675845e+01  -6.77366712e+00
   5.95249628e+00   8.05125506e+00   6.81098284e+00   2.38787883e+01
   3.39553393e+01   3.38911524e+01   1.92810233e+01   1.67642519e+01
   2.26860001e+01   4.51358487e+01   5.18709442e+01   5.48463276e+01
   4.19674679e+01   4.70484986e+01   4.09171648e+01   3.48068964e+01
   4.40282674e+01   4.50593628e+01   3.75792463e+01   4.03072833e+01
   5.04334755e+01   3.82806156e+01   3.69608771e+01   2.60572577e+01
   1.26575751e+01   7.78899997e+00   4.27994369e+00   6.52939153e+00
   5.43358411e-01   1.77273303e-01  -7.10253797e+00  -5.38875249e+00
   8.73843901e+00   6.69353387e+00   6.66278717e+00   6.28202079e+00
   1.22519234e+01   1.46985846e+01  -2.43216129e+00  -1.17783514e+01
  -1.04942167e+01  -7.86409896e+00  -7.32001029e+00  -9.22943809e-01
  -6.22034036e-01  -1.28749859e+01   1.59342467e-02  -5.59677273e+00
  -5.58092243e+00  -7.85974303e+00   8.61659778e+00  -7.33684861e-01
  -1.05527015e+01  -1.39497798e+01  -2.13681077e+01  -2.04205964e+01
  -1.06183867e+01  -7.76014575e+00  -1.37726289e+01  -3.52715726e+00
  -3.92833858e+00  -4.73351453e+00  -4.77623389e+00  -4.02361057e+00
  -1.10964178e+01  -1.19727799e+01  -8.21054483e+00  -1.10853788e+01
  -6.83095496e+00  -5.17639303e+00   6.03896823e+00   4.49006132e+00
   1.10265818e+01  -6.54043272e+00  -1.61345657e+01  -1.86937638e+01
   4.75436339e+00  -5.36024231e+00  -9.09640495e+00  -1.23816090e+01
  -1.39206803e+01  -1.26754102e+01  -1.57401135e+01  -1.51846811e+01
  -3.25402750e+00   6.26785994e+00  -2.66432419e+00  -5.94097224e+00
  -5.09545646e+00   2.75715169e+00  -1.97375554e+01  -1.18814464e+01
  -1.87576836e+01  -1.21884398e+01  -1.43920482e+01  -1.21272497e+01
  -5.89118911e+00  -1.18683820e+01  -9.90596702e+00  -1.68677203e+01
  -1.50649868e+01  -1.66431225e+01   5.90748092e+00  -3.00215978e+00
  -8.63951860e+00  -6.68700646e+00  -8.84795625e+00  -3.00968119e+00
  -7.63353280e-01  -1.38052887e+01  -4.47861295e+00  -3.00309739e+00
  -1.13949065e+01  -4.18031443e+00  -4.71113244e+00   3.98856852e+00
  -1.39724122e+01  -2.15296493e+00  -4.71554409e+00  -8.87172558e-01
  -6.20281206e+00  -9.93780671e+00  -6.76648706e+00  -5.66602574e+00
  -6.35959271e+00  -1.33549979e+01  -7.04383124e+00  -1.86699139e+01
   6.14928362e+00   5.35587542e+00   5.43818756e+00   4.36557820e+00
   4.46082437e+00   8.12808396e-01  -2.19756196e+00  -1.03930408e+01
  -1.45538564e+01  -7.75300592e-01  -1.82964826e+01  -1.06522072e+01
  -5.37062575e+00  -1.71079226e+00  -2.25895975e-01  -8.44867574e+00
  -8.71647361e-01  -4.68166412e+00  -3.94323484e+00  -5.57893779e+00
  -9.04027393e-01  -4.30453755e+00  -8.32359916e+00  -5.46423000e+00
  -9.30866158e+00  -6.92160131e+00   1.00454468e+01   2.23523826e+01
   2.93910950e+01   2.41090297e+01   2.71382575e+01   1.20237579e+01
   8.29226882e+00   7.78806522e+00   1.85740038e+00  -2.58428677e+00
  -1.29262287e+01   2.42858551e+00   8.69014163e-01  -2.36019677e+00
   5.84751927e+00   2.25658416e-01   7.96663370e+00  -9.50697304e-01
  -2.01584913e+00   3.33652678e+00   3.38930338e+00   1.03921899e+00
  -4.29213793e+00   1.05386102e+01   1.04619780e+01   1.61152560e+01
   1.69647676e+01   2.77734159e+01   3.39784380e+01   3.43513459e+01
   3.64881509e+01   7.96068498e+00  -2.52632481e+00   3.41857298e+00
   9.61132137e-01   4.15960480e+00  -3.32868419e+00  -1.71693701e+00
  -2.66746578e+00  -9.83831425e+00   4.66439541e+00  -4.75724216e+00
  -4.47634709e+00  -1.12936820e+01  -9.35185904e+00  -7.11922372e+00
  -2.51223376e+00  -1.10833830e+01  -3.92087972e+00   1.09337099e+01
   7.96018910e+00   1.22025073e+01   1.54279326e+01   1.65828970e+01
   2.90421272e+01   3.70684403e+01   4.02497032e+01   2.12179514e+01
   1.41976585e+01   1.99805196e+01   1.78521409e+01   7.00660056e+00
   8.96198897e+00   1.65204919e+01   7.45528077e+00   6.77444408e+00
   1.13240025e+01   1.22324846e+01   5.57856158e+00  -1.06245763e+00
   3.59176429e+00   5.02530514e+00   4.03757293e+00   3.69318594e+00
   5.67565705e+00   1.89853356e+01   2.29968218e+01   2.62223230e+01
  -1.64474885e+00   9.85699606e+00   2.78635200e+01   3.63756820e+01
   3.57596379e+01   1.76042322e+01   8.20467396e+00   1.27012250e+01
   1.84547352e+01   9.50683117e+00   1.28485110e+01   9.23537856e+00
   1.08108170e+01   9.70584728e+00   6.31835269e+00   9.49376184e+00
  -5.28197187e-01  -4.94553187e+00   5.69334264e-02   7.03588549e-01
   9.96115878e-01  -5.57534637e-01  -2.90964935e+00  -1.62660740e+00
   4.83177409e-01   6.68626734e+00  -1.07426494e+01   8.86301995e+00
   1.51671801e+01   1.68197851e+01   1.79345198e+01  -3.29439667e+00
  -3.86946246e+00   1.62912773e+01   1.89546478e+01   1.29442018e+01
   2.34106194e+01   8.96412268e+00   1.30838509e+01   2.16755625e+01
   1.13759985e+01   1.37319706e+00  -6.52373267e+00  -7.41096207e+00
   1.65666185e+00   2.86451702e+00  -1.56086252e+01  -1.93016035e+01
  -3.02840138e+00  -8.64288379e+00  -9.38330503e+00  -8.67576073e+00
  -2.72717585e+00  -3.20439420e+00  -1.04280967e+01  -1.63448547e+01
  -1.31406756e+01  -1.69298282e+01  -1.36007355e+01  -8.23936914e+00
  -4.71747682e+00  -1.53017829e+00   6.10092192e+00   1.93550035e+00
   4.81997263e+00   7.99170696e+00   5.80088289e+00  -1.28495341e+01
  -8.05695776e+00  -9.04279209e+00  -1.01665852e+00  -2.47486249e+00
  -7.28378119e+00  -4.26922778e+00  -5.31091604e+00  -1.22729004e+01
  -2.23756642e+01  -1.80514614e+01  -6.32370900e+00  -1.66055381e+01
  -2.19911179e+01  -2.46637533e+01  -2.67218268e+01  -2.25140340e+01
  -1.21052825e+01  -1.10779990e+01  -1.78472779e+01  -4.72649454e+00
  -8.94786456e+00  -1.19260100e+00  -3.48435657e+00   2.41529080e+00
  -5.66243111e+00  -1.11624438e+01  -8.36469068e-01  -8.72094168e+00
  -4.63171030e+00  -4.94356784e+00  -5.95233861e+00   9.07350542e-03
  -1.01949841e+00  -7.51765875e+00  -1.35641059e+01  -3.35141884e+00
  -1.47882219e+01  -1.15870893e+01  -8.36830787e+00  -3.94150943e-02
   6.00351222e-01  -2.65128916e+00  -1.86505408e+00  -4.32326417e+00
  -1.54333266e+01  -2.04416411e+01  -8.34367404e+00   2.80826818e+00
  -8.28092698e-01   8.42556478e-01  -1.80837549e+01  -1.62345059e+01
  -3.55574764e+00  -5.88079619e+00  -1.78863067e+00  -2.70261849e+00
   1.34189736e+00   5.46161965e+00  -1.79424328e+00  -3.89140786e+00
  -8.45262835e+00  -9.79663836e-02  -9.45627994e-01  -1.14760499e+00
   2.93903083e+00   1.35205830e+01   1.70864518e+01   2.39109181e+01
   2.12130239e+01   1.07763793e+01   4.44034898e+00  -2.49964278e+00
   7.09455310e+00   1.11214470e+01   6.57505422e+00   6.01625553e-01
  -6.94919882e+00  -4.59464135e+00  -9.15657435e-01  -7.60353473e+00
  -3.85700495e+00  -4.41219977e+00  -1.35831233e+00  -1.25847713e+00
  -1.97145641e+00   7.34377706e-01   2.98123948e-01   3.32504719e+00
   5.54106642e+00  -4.20378615e+00  -1.10531127e+01  -9.58600527e+00
  -1.33231929e+01   9.47395843e+00   7.80535910e+00  -4.80750077e+00
  -5.03398591e+00  -8.97173860e-01   7.72414207e-01   1.07423821e+01
   2.96026267e+00   1.85506796e-01  -4.14944366e+00  -2.97713611e-01
   5.02783458e+00  -4.18786554e+00  -4.68915474e+00  -5.14787581e+00
   7.29283924e+00   1.72577064e+00  -2.05820123e+00  -5.42144018e+00
  -3.52728889e+00   4.76829015e+00  -1.23105755e+01  -1.12443978e+01
  -1.98034063e+01  -2.29355601e+01  -2.52863089e+01  -2.55155623e+00
  -2.61127645e-01  -5.44417767e+00  -7.78124292e-01   9.30481578e+00
  -1.85346224e+00  -6.81635368e+00  -6.05142618e+00  -8.33037666e+00
   7.68526814e+00   1.21959336e+01   1.18731200e+01  -1.10417504e+00
  -2.49457161e+00  -7.14987938e-01   9.26035722e+00   2.88044304e+00
   4.80968838e+00   5.84470206e+00   7.47431745e+00   1.07244118e+01]",sample1.wav,117.45383522727272,33482.0,"[ 0.05056689  0.06285714  0.05668934  0.06013605  0.05795918  0.06013605
  0.06213152  0.06258503  0.06716553  0.06630385  0.05868481  0.05637188
  0.0478458   0.04929705  0.06004535  0.06258503  0.05782313  0.05986395
  0.0614966   0.05283447  0.04793651  0.0661678   0.0661678   0.06598639
  0.0646712   0.03401361]"
2,0.06326953321695328,1228.1525451350385,"[ -4.59627061e+02  -4.55247057e+02  -4.50310382e+02  -4.72783010e+02
  -5.11293416e+02  -6.05558771e+02  -5.60424366e+02  -4.62277429e+02
  -4.76824835e+02  -4.63679899e+02  -4.70812264e+02  -4.61801081e+02
  -4.85297699e+02  -4.91307855e+02  -4.97722902e+02  -5.13455449e+02
  -5.29483156e+02  -5.62750907e+02  -5.05148877e+02  -4.44332192e+02
  -4.80701814e+02  -4.76694750e+02  -4.38554783e+02  -4.37230331e+02
  -4.46289963e+02  -4.01092893e+02   1.28192620e+02   1.32380121e+02
   1.25406240e+02   1.33126966e+02   1.43574604e+02   1.56114816e+02
   1.38360640e+02   1.43029435e+02   1.42468026e+02   1.39077028e+02
   1.47135091e+02   1.23309075e+02   1.42186544e+02   1.55253714e+02
   1.60173537e+02   1.77514771e+02   1.67882793e+02   1.72695592e+02
   1.77468840e+02   1.69241160e+02   1.69697595e+02   1.68028795e+02
   1.28105720e+02   1.38115231e+02   1.37513856e+02   1.13427657e+02
  -3.32230153e+01  -3.88596659e+01  -2.31139074e+01  -2.52253392e+01
  -2.75951061e+01  -6.41822100e+00  -1.61205127e+01  -2.87492447e+01
  -1.87295602e+01  -2.03588589e+01  -1.85897453e+01   4.32053990e+00
  -2.55516069e+01  -2.38476444e+01  -1.91043468e+01  -1.37475379e+01
  -4.63241851e+00   4.41958886e+00  -2.40932298e+01  -3.49544125e+01
  -3.43785450e+01  -4.01654329e+01   1.26518167e+01  -2.32244182e+01
  -2.76143042e+01  -1.22895052e-01   2.43385766e+01   2.83015056e+01
   1.87815743e+01   3.94066987e+01   4.09176067e+01   2.50931489e+01
   1.83360500e+01   3.22158816e+01   3.81367502e+01   4.08691242e+01
   3.89980613e+01   2.17178299e+01   3.83929805e+01   3.37799599e+01
   3.73577300e+01   3.82627027e+01   4.18886584e+01   3.55418393e+01
   3.26684953e+01   2.61206512e+00   2.54901188e+01   3.42621839e+01
  -4.13771331e+00   2.39587351e+01   2.59719323e+01   2.13497965e+00
  -2.32664915e+00  -4.17739277e+00   5.68708401e+00  -4.70281604e+00
  -3.98497913e+00   5.18583337e-01   1.43574211e+00  -7.41241006e-01
   9.80529968e+00   8.04994855e+00   1.14287005e+00   1.33292072e+01
   1.04901497e+01   1.14529878e+01   1.14516274e+01   2.08444168e+00
   4.89710086e+00   3.15644408e+00  -1.02557731e+01  -2.31659203e+01
  -2.47041730e+01  -1.64800848e+01   1.23360946e+01  -4.80830177e+00
  -1.91548361e+00   1.37729245e+01  -1.86131063e+01  -1.78216077e+01
  -2.06075490e+01  -9.37504990e+00  -6.35211659e+00  -1.52825060e+01
  -4.39408080e+00   8.59439374e-01   5.92841057e+00  -6.52338518e+00
  -3.12475001e+00  -6.92548032e+00   2.86705721e+00   1.13483453e+00
   6.69339079e+00  -5.63383857e+00  -5.97000579e+00  -1.20418797e+01
  -1.22157779e+01  -1.93895606e+01  -1.35550762e+01  -4.91706316e+00
  -1.26252455e+01   5.96392404e+00   7.76002865e-01  -2.20174914e+01
  -9.63288245e+00  -2.36149246e+01  -1.76911483e+01  -6.80757298e+00
  -1.61002926e+00   1.06735839e+01   3.41812862e+00  -1.25399320e+00
   8.44442142e+00  -4.97184628e+00  -3.56649029e+00   6.58339995e+00
  -2.97706864e+00  -2.41295541e+00   1.17478872e+00   3.42419658e+00
   6.50448203e+00   5.52781183e+00  -1.19870788e+01  -1.09004293e+00
   4.53152704e+00  -1.38605763e+00   9.84127422e+00   7.48579129e+00
  -2.79873504e+00  -4.56012229e+00  -1.24779021e+01  -1.73900886e+01
  -1.19787424e+01   5.26534210e-01   5.10880874e+00   6.25774979e+00
  -5.51876551e+00  -1.13299693e+00   9.08021668e+00  -5.99276263e-01
   2.27221613e+00   1.87464154e+00   6.43012241e+00  -1.21909697e+00
   6.36432345e-01   6.12815694e-01   9.21502370e+00   8.68153434e+00
  -3.72621376e+00  -1.99343072e+00   7.32563473e+00  -3.53345138e-01
  -1.16230189e+01  -1.13160373e+01  -1.19497408e+01  -1.45602180e+01
  -3.77718754e+00  -2.97766924e+00  -8.32663169e-01   3.98069170e+00
   8.85009485e+00   1.11670929e+01  -5.27600540e+00  -5.71658335e+00
  -2.34636747e+00  -7.94449040e+00  -7.33080638e+00  -2.30727420e+00
   3.59571685e+00  -9.01662667e-01  -2.84853647e+00  -5.23080673e+00
  -7.89642937e+00  -9.42292131e+00  -5.13160441e+00  -9.34516325e+00
  -7.06843209e+00  -3.84116720e+00  -1.11950736e+00  -2.08842181e+01
  -1.59739998e+01  -1.53050888e+01   1.34442659e+01   1.21761665e+01
   1.33691067e+01  -3.05799543e-01   5.64630435e+00   5.06762677e+00
   4.19362205e+00   7.63900639e+00   5.76343592e+00  -1.99015521e+00
   4.18190425e-01   1.56316886e+00   7.00174817e+00   1.94121410e+00
  -1.53052525e+00  -3.63510088e+00  -1.03268109e+00  -8.88533852e-01
  -2.79990514e+00  -4.75503519e+00  -5.05164668e+00   2.62757528e-01
  -5.90542791e+00   4.23889987e+00   4.65189815e+00  -3.02818612e+00
   1.43719751e+01   6.34904250e+00  -3.93664452e+00  -1.68974016e+01
  -1.70106328e+01  -1.23904238e+01   6.76519259e+00   6.92973148e+00
  -2.88586544e+00  -8.82413724e+00  -1.24694912e+01  -9.74726894e+00
  -1.06653800e+01  -8.76296680e+00  -9.27643685e+00  -1.66975123e+01
  -2.47707776e+01  -2.31957991e+01  -8.81950296e+00  -7.73839886e+00
  -9.91335876e+00   4.97953698e-01  -3.99382528e+00   1.00162254e+01
   5.82158835e+00   3.32712457e+00   2.40585841e+01   1.41596597e+01
   1.28434119e+01  -1.11386361e+01  -1.24445445e+01  -1.51466742e+01
   5.02530028e+00   2.38508859e+00   3.99971522e+00   6.15318574e+00
  -1.45797511e+00   5.06971925e+00  -4.87383947e+00  -1.33086759e+01
  -5.86343045e+00  -1.49886111e+01  -1.39576155e+01  -1.24845651e+01
   1.73297244e+00   4.43321451e+00   1.58986593e-01   6.17439672e+00
   1.96244847e+01   3.35060285e+01   2.75869269e+01   1.33643474e+01
   5.76388457e+00   1.13156319e+01   5.13278054e+00  -3.95301508e+00
  -1.08476707e+00   1.65222610e+00  -7.52339735e+00  -6.18569883e+00
   4.57322653e-01   4.96883249e+00   4.43663752e+00   2.51796220e+00
  -1.14025359e+01  -6.49786143e+00  -2.81889968e+00  -1.28148644e+01
  -1.02341872e+01  -4.12446638e+00  -3.32172865e+00  -3.40732935e+00
   5.27229383e-01   2.25032895e+00   2.06803831e+00   1.40087806e+01
   2.24257498e+01   1.18004502e+01  -7.23413282e+00   1.12311781e+00
   5.87677790e+00   1.19684027e+00   3.47770539e+00   1.13795201e+01
  -3.60394626e+00   2.01838944e+00   9.61518408e+00  -3.02715927e+00
  -4.78051360e+00   2.46966699e+00   1.16712624e+01   7.35496016e+00
   2.30708894e+00   3.51639566e+00   1.37476005e+01   8.92996935e+00
  -7.19545774e+00   1.18870174e+00   2.35862665e+00  -2.48158476e+00
   2.10289657e+01   2.57593891e+00   1.79387216e+01   2.13891888e+01
  -1.46361627e+01  -1.85732529e+01  -1.49416673e+01   9.23344194e+00
   1.59480823e+01   2.18715584e+01   1.44543674e+01   1.93945180e+00
   3.06176938e+00   1.96896259e+00   5.45860979e+00   4.84959420e+00
   4.63046808e+00   9.90143057e-01  -8.30248327e-01   1.22273020e+01
   1.99166717e+01   2.07541459e+01   1.13450052e+00  -8.02544354e+00
  -5.08773138e+00  -4.00655459e+00  -1.44348263e+01  -2.77531943e+01
  -1.01126698e+01   4.53865826e+00  -7.02195031e+00  -5.60124245e+00
  -6.79142967e+00   1.07346658e+01   1.62659761e+01   2.45567978e+01
   3.03072965e+01   9.57035564e+00   3.28041925e+00   5.92013469e+00
   3.96372379e+00   1.22459378e+01   1.21412398e+01   1.20322667e+01
   1.08158255e+01   1.47336033e+01   1.74134438e+01   2.01884218e+01
   5.63283064e+00   1.12766421e+01  -1.13357178e+01  -1.47773777e+01
  -7.17676973e+00  -1.26734095e+01  -1.62955438e+01  -9.36483562e+00
  -4.10018302e+00   2.03277298e+00  -4.06605395e+00   2.20927399e+00
   8.38774568e+00   1.19018017e+01   1.41159467e+01   5.24052855e+00
   6.51616020e-01   5.90240371e+00   6.31791950e+00   3.67939348e+00
   9.75877054e+00   1.08144017e+01   7.14768424e+00   7.79737842e+00
   3.07953720e+00   5.25293775e+00   1.01046358e+01   1.09536910e+01
  -9.55509464e+00  -1.17597459e+01  -1.11442204e+01  -2.39058710e-01
  -8.45521351e+00  -1.60945035e+01  -3.79117634e-01   1.00427943e+01
   9.87655700e+00  -1.43651247e+00  -1.18043393e+00   6.25468208e+00
   8.46546687e+00   8.67577039e+00  -9.73112623e-01   7.47751176e+00
   6.96803408e+00   3.42475585e+00   5.83708885e+00   1.35160147e+01
   8.34762140e+00   9.40991922e-01  -2.25741690e-01   5.20656004e-01
   1.33008164e+01   2.40067016e+01   6.79338891e-01  -2.54708535e+00
   6.47666726e+00   2.51518805e+01   5.99133953e+00  -6.54770463e+00
   5.26391308e+00   5.01248119e+00   4.79365924e+00  -8.34087177e+00
  -1.13020094e+01  -1.52763954e+01  -1.96159082e+01  -1.09135434e+01
  -1.17710802e+01  -9.58670738e+00  -7.54309834e+00  -8.89778253e+00
  -1.50328082e+01  -9.34039561e+00  -1.64174335e+00  -8.46747138e+00
  -1.90731677e+01  -1.40596567e+01   1.54892927e+01   1.05328147e+01
   6.44469327e+00  -2.77732883e+00  -1.99255844e+00  -1.41717033e+00
  -3.08604254e+00  -7.74709644e-01   1.06990281e+01   1.13953935e+01
   1.19194377e+01   3.41684913e+00   6.57380716e-01   1.51348842e+00
  -1.67559776e+01  -1.49905578e+01  -1.42448878e+01  -8.19627158e+00
  -7.10746975e+00  -9.21327114e+00  -4.31792336e+00  -9.53707024e+00
  -2.92420182e+00  -4.60424853e+00  -2.91675494e+00  -7.23846209e+00
   9.78895228e+00   1.51373857e+01   2.08394521e+01   1.05013064e+01
  -6.43678928e+00  -1.03907243e+01  -1.25829532e+01  -3.03441961e+00]",sample2.wav,123.046875,35674.0,"[ 0.03755102  0.07038549  0.07197279  0.07269841  0.07015873  0.06539683
  0.07659864  0.07560091  0.05678005  0.06503401  0.05977324  0.05968254
  0.06739229  0.0722449   0.04630385  0.04594104  0.04780045  0.04770975
  0.0475737   0.06399093  0.06612245  0.06181406  0.07170068  0.08557823
  0.07460317  0.03736961]"
3,0.08093293756246568,1380.8247526560672,"[ -4.79386994e+02  -4.78502206e+02  -5.02218228e+02  -4.97857178e+02
  -5.41384463e+02  -5.91758598e+02  -6.09409695e+02  -4.82190152e+02
  -4.97072424e+02  -4.82259523e+02  -4.38585208e+02  -4.63613990e+02
  -4.63395714e+02  -4.71757147e+02  -5.21439007e+02  -5.71317962e+02
  -6.20600173e+02  -5.48041801e+02  -4.62107059e+02  -4.94676669e+02
  -5.07628992e+02  -5.08799188e+02  -5.56890918e+02  -5.91196655e+02
  -6.18493006e+02  -6.54630470e+02   1.44031948e+02   1.58703216e+02
   1.51804839e+02   1.69693721e+02   1.52298295e+02   1.59555498e+02
   1.71689351e+02   1.21352598e+02   1.49295451e+02   1.27339962e+02
   8.66070714e+01   1.08107012e+02   1.22184178e+02   1.32391389e+02
   1.41442040e+02   1.46046944e+02   8.38101784e+01   1.03122692e+02
   9.25057651e+01   9.88969727e+01   1.58450750e+02   1.57671564e+02
   1.64056866e+02   1.57596231e+02   1.51017022e+02   1.48168645e+02
  -9.89763943e+00  -1.60986254e+01  -3.31306621e+01  -2.69577760e+01
  -3.54071740e+01  -2.91083762e+01  -1.60262806e+01  -5.64124530e+01
  -3.08767133e+01  -1.94737616e+01  -3.29654449e+01  -1.94874413e+00
  -1.44295102e+01  -3.32991165e+00  -1.56806790e+00  -2.10623023e+00
   3.77331787e+01  -6.84790397e+00  -3.36828964e+01  -3.07963136e+01
  -3.72894474e+01  -1.77792639e+01  -1.08028222e+01  -1.44556530e+01
  -1.90313018e+00  -5.39793599e+00   1.46999852e+01   2.26222671e+01
   2.36314152e+01   2.38105878e+01   3.20937902e+01   2.88969602e+01
   1.94357801e+01   3.24639515e+01   3.26142680e+01   2.63938172e+01
   4.75873742e+01   1.51851574e+01   3.85215147e+01   2.48184482e+01
   2.30459923e+01   2.19191833e+01   4.64872734e+00   3.03530058e+01
   2.86487874e+01   2.79162453e+01   1.98038924e+01   1.35004141e+01
   2.27537489e+01   2.88638597e+01   2.60413468e+01   1.13488320e+01
   4.23027153e+00  -8.73260011e+00  -1.30073046e+01  -1.53083693e+01
  -4.15380552e+00   2.28909931e+00   1.37781462e+01   4.09836662e+01
  -2.42058440e+01  -2.06104569e+01   1.21844361e+01   5.79146508e+00
  -1.11207145e+00  -6.24506373e+00   5.00238286e+00   3.24125481e+00
   1.37165546e+01   4.11952975e+00   7.05472262e+00   4.94867987e+00
  -2.55066937e+01  -1.26293100e+01  -8.04438024e+00  -3.37023387e+00
   3.89600656e+00   2.77549364e+01  -1.68044072e+01  -6.10978602e+00
  -1.08019968e+01  -1.66011115e+01  -3.71934295e-01  -6.46110195e+00
  -1.87352421e+01  -4.73495767e+01  -1.78459567e+01  -1.01116919e+01
  -2.20914905e+01  -6.50416990e+00  -6.64297418e+00  -1.04541158e+01
  -1.35927018e+01  -1.43464387e+01  -1.33439452e+00  -1.50350807e+01
  -2.07508644e+01  -4.18123725e+00  -1.12634255e+01  -1.04470003e+01
  -9.38468193e+00  -8.22207557e+00   1.85824831e+00   9.43727850e-01
  -1.52482841e+00   1.15795018e+01  -6.30634306e-01  -6.85710121e+00
   4.64545326e+00   3.87829716e+00   4.48086325e+00   9.95328160e+00
   5.47983496e+00   8.21683616e+00  -5.85188255e+00  -3.90788818e-01
  -1.09728082e+00   7.45409751e+00  -1.93140210e+00   4.89057271e+00
  -5.10219601e+00  -4.56290997e+00  -2.70337381e+00   1.95084703e+00
   3.28150395e+01   1.65332466e+01   2.92826746e+01   3.09898314e+01
   1.99450954e+01   4.22845547e-01  -6.90126902e+00   1.56495742e+00
   1.66618422e+00   4.03029888e+00   5.34071477e+00  -1.59064600e+00
  -1.28602980e+01  -3.57213285e+01  -2.08877207e+01  -1.90706460e+01
  -5.59853004e-02  -9.74944729e+00  -1.65439195e+01  -1.58128824e+01
  -1.12996963e+01  -1.11822387e+01  -1.50193002e+01  -3.67149355e+01
  -4.17569086e+01  -2.35651016e+01  -9.33047646e+00  -1.09673219e+01
  -2.53800329e+00   4.32254425e+00   9.82365484e+00   4.61504013e+00
  -1.37783824e+01  -2.86431784e+01  -6.78824761e+00   2.83918448e-01
  -5.15114822e+00  -4.76999763e+00   2.28791427e+00   5.05852051e+00
  -5.28523958e+00  -1.00309987e+01  -2.82869282e+01  -2.45370928e+01
  -1.44882940e+01  -1.84246702e+01  -1.16140623e+01  -5.89638641e+00
  -7.84265664e+00   1.46247185e+01   9.73425763e+00   8.86351166e+00
  -1.35645696e+01  -1.64783298e+01  -1.56343423e+01  -7.88764776e+00
  -7.69659932e+00   9.20770158e-01  -2.80262185e+00  -1.07126579e+01
  -7.25470734e+00   1.35659337e+00  -2.08027787e+00  -5.09338538e+00
  -1.02755956e+00   2.52835321e+01  -1.86988510e+00   1.25378735e+01
   6.05084581e+00   4.65698461e-01   1.11033636e+00   1.45639020e+00
   1.10249031e+00   4.54517237e-01  -1.04705692e+00  -6.53867391e+00
   2.23437779e+00   1.34209723e+01  -4.31297266e+00  -1.07579085e+01
  -1.15358063e+01  -1.19837913e+01  -8.71448236e+00  -3.18831825e+00
  -3.89473068e+00  -9.35010643e+00  -2.03808578e+01  -1.16326803e+01
  -2.01202274e+01  -1.85778116e+01  -2.35784528e+01  -4.78381795e+01
  -1.75449156e+01  -1.16234182e+01  -4.32857399e+01  -1.60180253e+01
  -1.31959329e+01  -2.90995020e+01  -1.23409349e+01  -5.93425614e+00
   5.29264651e-01   1.72547929e+01   1.64557743e+01   2.91664682e+01
  -1.13994352e+01  -2.60721289e+01  -2.85816129e+01  -2.68257463e+01
  -2.17842307e+01   9.35185242e+00   8.77134725e+00   2.77932312e+01
   1.44270020e-01  -3.36217299e+00  -4.51027098e+00   4.47189431e-01
   8.73206566e-01   2.87794701e+01   5.32008273e+00   1.56378086e+01
   3.44341596e+01   1.22368308e+01   1.40025956e+01   1.48193029e+01
   9.73922045e-01  -1.28659451e+00   5.97911733e-01   2.90593327e+01
   3.03169229e+01   2.91388991e+01   1.44227001e+01  -5.05913411e+00
  -9.15966840e+00  -6.88445602e+00  -4.49240905e+00   1.32396162e+00
   8.11227081e+00   2.45670943e+01   3.62662457e+00  -8.43623199e+00
  -2.61097331e+00   2.12700080e+00  -1.08177939e+00  -2.68684969e+01
   4.14185118e+00  -5.57318938e+00   2.31170186e+00   4.96339213e+00
  -8.49905853e-01  -9.80524110e+00  -7.59145749e+00  -6.78085930e+00
  -2.57853355e+00   6.77403808e+00  -2.68720148e+00  -7.34772157e+00
   6.72714139e+00  -4.93235132e+00  -1.14536588e+00   8.16295706e+00
   8.69300369e+00  -3.90119970e+00   2.12005781e+01   2.49615858e+01
   6.18083247e+00  -2.25197758e+00   4.74473382e+00   1.22743207e+01
   7.43858777e+00   1.45400991e+01   1.19659730e+01   2.27946751e+00
  -1.79252140e+01   7.23294709e+00   5.25590394e+00   1.39044413e+01
   4.07389855e+00   7.36740513e+00   9.84971497e+00   2.90092382e+00
  -5.76993842e+00  -2.98033849e+01  -1.10922801e+01  -1.50396200e-01
   5.38859555e+00   3.23775852e+00   7.14809171e+00  -1.20405740e+01
   1.12679741e+01  -4.64059148e+00   4.71917132e+00   5.47607501e+00
   1.40440320e+01   1.43965932e+01   7.64623422e+00  -1.01884997e+01
  -2.41577097e+00  -4.55406009e+00  -5.91959820e+00  -6.96419846e+00
  -9.23396358e+00  -7.66623213e+00   1.14477804e+01   9.30283988e+00
   7.83997044e+00  -1.31124485e+01  -4.54500229e+01  -2.99030676e+01
  -2.53993219e+01   5.12430854e-01   4.20334547e-01   4.03576424e+00
   5.50434131e+00  -8.46663071e+00  -7.66957158e+00  -1.90762281e+01
   6.43857232e+00   7.68880438e+00   1.36159329e+01   1.21904670e+01
   9.82612587e+00  -1.15610063e+01   1.96413076e+00  -2.46514479e+00
  -6.17520584e+00  -3.78029057e-01  -8.55991032e+00  -5.93181422e-01
   1.27212107e+01   1.88177049e+01   1.57764904e+01  -3.97469917e+01
  -8.76936507e+00  -9.27294149e+00  -6.51176183e+00   1.06538078e+01
  -5.17388821e-01  -6.10680326e+00  -5.00974886e+00  -4.62068067e+00
  -2.01413885e+01  -2.81842733e+01   1.26183729e+00   4.42483583e+00
   6.90439991e+00   8.95750859e+00   4.72521972e+00  -6.36129643e+00
  -1.69609609e+01  -2.26782544e+01  -2.04340220e+01  -7.30842044e+00
  -1.18802824e+01  -1.26506131e+01   2.27699192e-01   1.33163730e+00
   1.08829981e+00   9.08724863e+00   1.73638788e+01   6.79837502e+00
  -6.93161644e+00   1.38752659e+01  -1.32021201e+01  -1.63017320e+01
  -1.21963435e+01  -1.26015522e+01  -1.53519640e+01   1.11916234e+00
   1.62725880e+00  -3.07556400e+00  -4.97213272e+00  -7.74280524e+00
   6.76563126e+00   7.15620062e+00   8.35057433e+00   7.95786093e-01
  -7.03532284e-01   5.00001799e+00   1.82769301e+01   7.79121836e+00
  -5.68131930e-02  -3.03405081e+00  -1.33212741e+00   3.55556964e+01
   1.54985787e+01  -5.34382954e+00   2.35864991e+01   2.12572266e+01
   9.00346519e+00  -2.60807700e+00  -2.53643490e+00  -2.41039729e+00
  -7.90853834e+00   3.40920316e+00  -1.25018522e+00  -6.54805621e+00
  -1.16356535e+01  -1.34506060e+01  -5.34264409e+00  -1.19008204e+01
  -1.61435655e+01  -8.48387711e+00  -3.89999453e+00  -1.31509707e+01
  -8.83459077e-01  -8.42073696e+00  -1.84363827e+01  -1.84202511e+01
  -1.21582811e+01   4.81895052e+00  -1.68849832e+01  -1.68754094e+01
   2.20233193e+01   5.66247335e+00   1.91188614e+01   1.56937821e+01
   1.17368457e+01   7.45796672e+00  -4.84052148e+00   3.66970490e+00
  -3.26261869e+00  -7.11358898e+00  -6.48187667e+00  -1.16613166e+01
   5.82198642e+00   3.32263514e+00  -1.45535009e+00  -9.41289138e+00
  -4.64149358e+00  -1.00295129e+01  -1.34492593e+00   2.62263958e+00
   1.07056417e+01   2.95775961e+00   2.31407985e+00  -1.39273492e+01
  -1.83410819e+01   1.68740008e+01   1.69342051e+01  -2.73573320e+00
   1.86361242e+01   2.41917679e+01   1.90666928e+01   1.93657919e+01]",sample3.wav,117.45383522727272,35477.0,"[ 0.03174603  0.06639456  0.06512472  0.06548753  0.06897959  0.05714286
  0.05487528  0.09605442  0.05460317  0.06403628  0.09428571  0.07750567
  0.05809524  0.0523356   0.04267574  0.05709751  0.06997732  0.06861678
  0.08580499  0.0878458   0.08349206  0.06113379  0.0444898   0.04081633
  0.04022676  0.02      ]"
4,0.08978880196809769,1364.8392630100195,"[ -5.29147718e+02  -4.43912751e+02  -4.31180827e+02  -4.43788120e+02
  -3.83545541e+02  -4.18322161e+02  -4.01492496e+02  -4.33519355e+02
  -3.79803699e+02  -3.85708216e+02  -3.77015614e+02  -3.87762079e+02
  -4.08306821e+02  -4.25516732e+02  -4.62616640e+02  -4.84405360e+02
  -4.44293492e+02  -4.21266715e+02  -4.71681056e+02  -3.91004700e+02
  -3.71481389e+02  -4.05872274e+02  -3.67005204e+02  -4.06431512e+02
  -4.40244237e+02  -4.80320800e+02   1.50163504e+02   1.54973132e+02
   1.43923903e+02   1.45482358e+02   1.51460278e+02   1.59523956e+02
   1.76252997e+02   1.77009467e+02   1.67023172e+02   1.66628496e+02
   1.74620538e+02   1.72236356e+02   1.86539459e+02   1.93509957e+02
   1.84923351e+02   1.60897060e+02   1.50722818e+02   1.53467623e+02
   1.58454557e+02   1.44125169e+02   1.22432182e+02   1.33239287e+02
   1.24408939e+02   1.30945136e+02   1.35433036e+02   1.45240290e+02
  -3.43134554e+01  -7.97099037e+01  -7.59875011e+01  -4.81896080e+01
  -4.92607220e+01  -5.26325701e+01  -9.65647148e+01  -4.10193920e+01
  -6.49153940e+01  -6.75268621e+01  -5.32420216e+01  -4.97986748e+01
  -4.49486531e+01  -4.15660635e+01  -4.37022361e+01  -6.61021523e+00
  -6.09804510e+01  -3.54702644e+01  -2.99662359e+01  -4.00383672e+01
  -5.98448174e+01  -4.30175130e+01  -3.24352238e+01  -3.79440350e+01
  -3.84212892e+01  -3.07133122e+01  -2.38054481e+00  -3.04993124e+00
   1.35861544e+00   6.60927449e+00   1.00803552e+01   1.67891807e+01
   7.79601361e+00   6.09855422e+00   7.06704804e+00   1.22605711e+01
   1.31708640e+01   2.60509576e+01   3.76229097e+01   4.15477011e+01
   3.97675310e+01   7.58251188e+00   2.29359376e+01   6.66686083e+00
   1.94852085e+01   1.04565041e+01   1.35807949e+01   2.20527928e+01
   1.62680540e+01   1.67547585e+01   2.63675259e+01   2.08035019e+01
   2.10151977e+01   7.26368162e+00   2.77868502e+01  -4.19782423e+00
  -1.80985982e+01  -2.46802796e+01   1.89281604e+01   5.20389875e+00
   1.34087571e+01   1.44901872e+01   1.91690827e+01   1.59032999e+01
  -1.60443878e+01  -1.66437764e+01  -1.67817856e+01  -1.55082283e-03
  -1.84104086e+01  -2.94336022e+01  -1.58166030e+01  -1.98975171e+01
  -1.82183473e+01  -5.13419346e+00  -2.09903105e+01  -1.61200615e+01
  -1.27183635e+01  -1.99360726e+01  -9.80344481e+00   3.29584932e+00
  -8.96962958e+00  -1.74348808e+01  -1.34404568e+01  -1.83063939e+01
  -1.41001610e+01   2.15753800e+00  -4.65942748e+00  -3.51789411e+00
  -7.18622276e+00  -5.86863478e+00  -2.94767236e+01  -2.43016543e+01
  -2.23888292e+01   2.32312615e+00  -1.99312186e+01  -1.67676894e+01
  -1.20102554e+01  -1.02588499e+01  -2.00124016e+01  -1.61957841e+01
  -3.06242909e+01  -1.80912635e+01  -1.06941223e+01  -1.32630537e+01
  -1.71727891e+01  -2.32113050e+01  -1.77582918e+01  -7.05540816e+00
  -5.73478755e+00   7.87204003e+00  -1.10440881e+01  -4.94696014e+00
  -9.89344892e-01  -4.87705914e+00  -5.38082628e+00  -1.35900688e+01
   1.72842684e+00  -1.54624732e+00   1.21356233e+00   2.10856674e+00
   3.37418844e+01   5.66864486e+00   6.89462216e+00   7.78335252e+00
   2.85714337e+00  -4.19351557e+00   6.58164333e+00   8.53140117e+00
   9.35869229e+00   6.25273777e+00   1.02634871e+01  -5.35516665e+00
  -5.86686931e+00   9.82529317e+00   1.09627881e+01   1.14385467e+01
  -9.09601393e+00   4.11977958e-01  -1.52246801e+01  -1.04945742e+01
   2.85563871e-01  -3.95365029e+00   3.88152072e+00   1.42676737e+01
   1.52651453e+01  -7.20340250e+00  -1.14187466e+01  -8.71305882e+00
  -8.94538839e+00  -3.17599598e+00  -6.09410979e+00  -1.07375807e+01
  -2.10644490e+01  -2.54365650e+00  -3.70252037e+00  -2.74955881e+00
   8.44495925e+00   7.57677709e+00  -9.71607954e-01  -2.35279014e+01
  -1.82312617e+01  -1.29066351e+01  -7.96758373e+00  -2.21020881e+01
  -2.09891347e+01  -1.68562551e+01  -2.18868224e+01  -2.02150174e+01
  -9.07134258e+00  -8.70845827e+00  -1.31104273e+01  -8.23882091e+00
  -2.08612511e+01  -2.99252698e+01  -1.59506349e+01  -2.33679805e+01
  -2.43873324e+01  -2.12265577e+01  -2.06929382e+01  -2.08490720e+01
  -2.08438337e+01  -1.79637124e+01  -1.30120869e+01  -7.22255209e+00
  -3.22683952e+00   4.24816342e+00  -4.67076343e+00  -2.24785768e+01
  -3.91598986e+00  -9.64457892e+00  -1.84097591e+00   1.10213779e+00
   5.25109687e-01   4.88491704e+00  -1.05562266e+01  -1.24175505e+01
  -1.60250051e+01  -1.43871621e+01   2.89854605e+01   5.52113238e+00
  -4.75053009e+00  -8.68290717e+00  -2.66944802e+00  -1.10389179e+00
   1.08326149e+01   5.53122892e+00   9.68504238e-01   1.99498326e+00
   2.50669067e+01   3.68378950e+01   3.58363681e+01   1.71055814e+01
   1.69634129e+01   2.29880149e+01   2.43931433e+01  -2.47292358e+00
   2.54818048e+01   2.15666898e+01   1.62695493e+01   4.11558722e+00
   6.93816994e+00   1.01396364e+01   7.51132056e+00  -5.87000364e+00
  -4.37447104e+01  -3.38631681e+01  -2.09515124e+01  -2.17264101e+01
  -2.18785161e+01  -1.61442931e+01  -9.85180713e+00  -1.17877196e+00
   3.08863685e-01  -2.06202907e+00  -1.09506780e+01  -2.53447140e+01
  -1.71382911e+01  -1.31090559e+01  -1.90564111e+01  -1.92640483e+01
  -1.87684760e+01   4.06333975e+00   1.87304784e+01   1.47495910e+01
   7.73045508e+00   7.69956641e+00  -2.55984925e+01  -3.21514766e+01
  -2.80303895e+01  -2.51593021e+00   6.62736749e+00  -4.26170056e+00
  -2.09089085e+00  -2.12792057e-02   8.31921290e+00   5.77924043e+00
   1.00579039e+01   1.17884844e+01   8.75828431e+00   7.66901166e+00
  -6.56165755e+00  -1.47074127e+01  -8.61549730e+00  -6.52599396e+00
   2.56331885e+00   5.87895246e+00  -2.96502173e+00  -8.63393043e+00
   2.10560461e-03   4.76062454e-01  -1.82769210e+00  -5.25776633e+00
  -8.97052340e+00  -6.98093305e+00  -3.63001495e+00  -1.45372427e+01
  -6.11900367e+00   2.32518850e+00  -2.12193751e-01   7.83761790e+00
   9.61217812e+00   4.58090503e+00   6.15870218e+00   3.17997764e+00
   3.89175626e+00   4.30930088e+00  -1.37650300e+01  -8.90344828e+00
  -2.86826889e+00   7.30863784e+00   5.43493843e+00   1.61048801e+01
  -5.75595945e+00  -3.62519292e+00  -6.78963940e+00   6.99872596e+00
   1.33622434e+01   1.16612025e+01  -3.11570253e+00  -4.01333046e-03
   1.08368731e+01   8.32247374e+00  -7.57096672e+00   5.38056994e+00
   6.71438602e+00   8.76468416e+00   9.61317710e+00  -1.45356543e-01
  -8.76381614e+00   1.56456410e+00   4.11474306e+00   9.00470469e+00
  -6.67312788e+00  -8.43555896e+00   3.83669709e-01  -1.02249120e+01
  -2.13475596e+01  -1.45446320e+01  -3.68415958e+00  -9.36048799e+00
  -1.06569486e+01  -1.47104288e+00   9.35395218e-02  -4.12274998e+00
  -8.39248178e-01   5.49705062e+00   1.02759731e+01  -7.63809301e+00
  -2.16837519e+01   3.39295193e+00  -1.02933246e+00  -3.96141662e+00
  -6.03381834e+00  -9.76527309e+00  -9.74872045e+00  -6.60490763e+00
  -2.91058691e+00  -3.75129898e+00  -6.51741183e+00  -2.88700567e+00
  -1.31103689e+01  -1.66970559e+01  -1.47120167e+01  -1.91222687e+01
  -4.59300381e+00  -3.52354396e+00  -5.99115900e+00  -2.76189641e+00
   7.31962306e+00  -7.92334312e+00  -7.99641498e+00  -9.25005402e+00
  -8.84689710e+00   3.34888050e+00  -1.15836506e+01   6.60121789e+00
  -4.60937837e+00  -1.11224970e+01  -1.35778520e+01  -4.92983864e+00
  -9.07122331e-01   6.87582799e+00   4.16259724e+00  -2.13641786e+00
  -9.14313952e+00  -1.18705568e+01  -1.52571951e+01   1.31210280e+00
   5.47478597e+00  -2.93362598e+00  -1.12782278e+01  -1.22176005e+01
  -5.17428565e+00  -9.78673658e+00  -1.78375279e+01  -1.34128321e+01
  -8.89763583e-01   2.88100162e-01  -4.27970326e+00  -3.64211845e-01
   7.88783433e+00   1.25863382e+01  -1.57932561e+01  -2.18826412e+01
  -1.05649637e+01   6.15649843e+00   1.48826581e+00   3.46745647e+00
  -1.90150040e+00  -2.46332271e-01   6.90098466e+00   2.07906819e+01
  -1.58235552e+00  -1.40482366e+00   8.68582449e+00   4.23171660e+00
  -1.13332059e+01  -3.61954947e+00   2.55324405e+00  -9.56134650e+00
  -1.03499779e+01  -1.18048677e+01   7.10602457e+00  -7.25427790e+00
  -1.08059448e+01  -1.59061935e+01   1.33737539e+01   1.24344605e+01
  -1.01689964e+00   1.26251992e+00   3.79035913e+00   1.95936069e+01
   2.00907542e+01   1.60657854e+00  -2.85871310e+00  -7.10176525e-01
   2.90277202e+01   3.99573121e+01   1.84723496e+01  -1.89256858e+00
  -5.43656632e+00  -3.15921795e+00   9.54976058e+00  -4.74430950e+00
  -5.34211016e+00  -6.11277032e+00  -4.00855439e+00  -1.57981564e+00
  -1.98295027e+01  -2.03450053e+01  -2.40800351e+01  -3.92188174e+00
   4.02550397e+01   1.71935749e+01   4.35592472e+00   6.45794913e+00
   5.58426353e+00   6.81306310e+00   9.54543236e+00   4.46153480e+00
   9.92783820e-02  -3.77046851e-01   3.16121877e+01   1.99540337e+01
   1.69919511e+01  -8.76269908e-02   2.72249752e+00   8.01969259e+00
   7.41259335e+00  -3.89847560e+00   9.36548842e+00  -1.02671990e+00
   8.86985424e+00   3.47920065e+00   1.63025680e+01   7.16264388e+00
   5.82813404e+00  -8.31168291e+00   1.59818321e+01   1.38590522e+01
   1.61355252e+01   1.02412971e+01   6.19987897e+00  -5.90476303e+00
  -6.50427791e+00   2.23694378e+01   2.41368663e+01   2.09705409e+01]",sample4.wav,117.45383522727272,44754.0,"[ 0.04630385  0.13873016  0.13469388  0.09365079  0.07582766  0.08258503
  0.0937415   0.07151927  0.08081633  0.08721088  0.07777778  0.06403628
  0.06707483  0.07124717  0.07147392  0.05088435  0.08997732  0.06394558
  0.05111111  0.06585034  0.09605442  0.07891156  0.08848073  0.08086168
  0.07206349  0.03464853]"
5,0.10219883918762207,1521.5135824888391,"[ -4.90256524e+02  -4.48188183e+02  -4.23178748e+02  -4.10299811e+02
  -3.75690031e+02  -4.05170774e+02  -4.09236733e+02  -4.44188342e+02
  -4.06559988e+02  -4.20991108e+02  -4.43308261e+02  -4.64569800e+02
  -5.21510379e+02  -5.69946979e+02  -4.57275220e+02  -4.57011829e+02
  -3.83066914e+02  -4.23826182e+02  -4.37276360e+02  -4.76670701e+02
  -4.30156702e+02  -4.44340770e+02  -3.97326568e+02  -4.08232068e+02
  -3.95130624e+02  -4.31639486e+02   1.54039697e+02   1.38560058e+02
   1.37405588e+02   1.26402094e+02   1.22685886e+02   1.23711625e+02
   1.41028705e+02   1.32888999e+02   1.85124861e+02   1.77649625e+02
   1.90158313e+02   1.81323141e+02   1.81770981e+02   1.47637247e+02
   1.24941238e+02   1.26939679e+02   5.54780225e+01   1.41688161e+02
   1.22973779e+02   1.61250620e+02   1.04085443e+02   1.18759811e+02
   1.23092407e+02   1.28361893e+02   1.12241351e+02   1.26035513e+02
  -1.88299094e+01  -3.58014110e+01  -3.54995111e+01  -3.79812282e+01
  -7.49454289e+01  -7.18802506e+01  -5.40653825e+01  -6.75561034e+01
  -5.84387354e+01  -5.42940455e+01  -4.24552660e+01  -4.55120936e+01
  -2.50738811e+01   1.18106309e+01  -5.09887079e+01  -5.96772973e+01
  -1.83260720e+00  -5.41686424e+01  -4.78993003e+01  -5.29871419e+01
  -1.32037513e+01  -5.13232697e+01  -3.22325859e+01  -5.19862715e+01
  -3.69605386e+01  -3.79447321e+01   2.69406390e+01   4.18579335e+01
   3.50445507e+01   2.79399366e+01   3.29720992e+01   3.11064009e+01
   1.74421722e+01   2.47447203e+01   1.35629843e+01   2.26527605e+01
   1.53805427e+01   1.06920000e+01   1.85480116e+01   1.71031212e+01
   3.31680550e+01   3.21356351e+01   7.93223066e+00   2.29548699e+01
   3.61065137e+01   2.04484921e+01  -1.73271991e+00   3.58376098e+01
   2.97846572e+01   5.16270659e+01   4.29669840e+01   3.24026152e+01
  -1.50150262e+01  -1.31340931e+01  -4.20480881e+00   1.10172183e+01
   2.09748609e+01   2.47861855e+01   1.86740255e+01   3.02987557e+01
  -1.27223545e+01   2.22356948e+01  -6.93477452e+00  -8.71092416e+00
  -4.44949339e+00  -2.06652854e+00  -2.28916459e+01   5.21585471e+00
   9.46232778e+00  -1.77942298e+01   1.09864361e+01  -3.12118211e+01
  -2.23446334e+01   2.78853933e+01   3.76468922e+01   2.12904249e+01
   2.60639907e+01  -1.43484901e+01  -1.47475263e+01  -1.96446462e+01
  -1.55402380e+01  -2.03458758e+01  -2.30020870e+01  -1.10347999e+01
  -5.08320884e+00  -6.07133030e+00  -1.43541496e+01  -2.70375776e+00
  -1.68110370e+01  -2.16009223e+01  -1.36184413e+01  -1.35458362e+01
  -2.39403591e+01  -2.60807474e+01  -1.39971273e+01  -3.39496815e+01
  -1.45379071e+01  -1.97128505e+01  -1.12068116e+01  -1.93972633e+01
  -3.42734803e+01  -3.81249431e+01  -2.67823383e+01  -2.14049855e+01
   3.36239394e+00  -2.98381957e+00   3.79100988e+00   5.26194011e+00
  -2.89775824e+01  -2.22019732e+01  -1.14871329e+01  -1.33331347e+01
   9.83691364e+00  -1.24874631e+01   8.42764370e+00   1.03385740e+01
   9.64792797e+00   2.08838471e+01   5.33437171e+01   1.04123121e+01
  -7.71916035e+00   3.22708101e+01  -1.59776020e+01   3.74505320e+01
   2.90428164e+01   6.24174841e-01   6.75105645e+00   8.32034451e+00
   1.24398403e+01   1.51466161e+01  -4.12955190e+00   1.26624995e+01
   7.44347672e+00   5.15608843e+00   1.40538352e+00  -1.22613765e+01
  -9.45140137e+00  -4.42895169e+00   1.69836788e+01  -1.50854501e+01
   1.22539333e+01   1.55831243e+01   1.30042141e+01  -1.51642965e+01
  -4.75905950e+01  -3.18680216e+01  -1.99288647e+01  -1.74050880e+01
   3.11056054e+00  -1.56603587e+01  -1.06405926e+00   9.48041670e+00
  -1.96596466e+01  -3.15967580e+01  -5.15080417e+01  -2.43952096e+01
  -1.18894773e+01  -2.34491289e+01  -2.77376640e+01  -1.67357330e+01
  -3.49217321e+00  -5.40182419e+00   3.74379016e+00   1.26596791e+01
  -1.60627251e+01  -9.95690293e+00  -9.89069300e+00  -4.58851281e+00
  -3.81253174e-01   4.34137618e+00  -9.08902595e+00  -2.31376088e+00
  -1.75112704e+01  -3.22310073e+01  -3.20426234e+01  -9.23414094e+00
  -1.33659026e+01  -2.46491835e+01  -1.16935596e+01   1.83582517e+01
   7.54949986e+00  -1.95524099e+01  -5.62466373e-01  -6.39532101e+00
  -3.97344048e+00  -1.09048705e+01   1.53145993e+01   2.02900680e+01
   1.19304420e+01  -1.96782975e+00  -7.51940756e+00  -2.07947873e+00
  -5.76138712e+00  -8.84272646e+00  -8.75228983e+00   6.14330086e+00
   2.74247103e+01   2.14269579e+01   1.29880946e+01   1.99647641e+01
   9.33137695e+00  -1.65822972e+00   2.14649964e+00   2.30627417e+01
   1.65476358e+01   1.41847414e+01   2.68406681e+00   9.76878915e-01
  -2.79620559e+00   9.57338769e+00   4.23997051e+00   8.17827923e+00
   8.35323479e+00   3.02428123e+01   1.97362815e+01   2.74186982e+01
   5.85259805e+00   6.29280530e+00   4.79625295e+00   7.15879999e+00
   5.64302287e+00  -1.46254728e+01  -2.84454145e+01  -2.15501802e+01
  -2.16860149e+01  -3.40826753e+01  -4.11790923e+01  -2.15913918e+01
  -2.93191613e+01  -4.09367027e+01  -3.26899614e+01  -2.29910736e+01
  -4.11913674e+01  -2.16024259e+01   2.94491993e+00  -1.33417924e+00
   1.56507698e+00  -7.83821331e+00   3.22082399e+00   1.46433848e-01
   1.26914728e+00  -1.00440105e+01   6.19063815e+00  -7.17021597e+00
   3.16943471e+00   1.08042456e+01   4.70811409e+00   8.94282087e+00
   8.58665494e+00  -2.93598711e+00  -1.52381341e+01   1.49824504e+01
   1.08863313e+01   1.15628472e+01   8.46255776e+00   1.08594746e+01
   1.31715812e+01   7.73271960e+00   1.18794954e+01   6.06970043e+00
  -2.78034285e+00  -9.38172990e+00   3.32495042e+00   6.64948650e+00
   6.38079146e+00  -1.14581301e+01  -8.32202687e+00  -6.72186847e+00
  -5.68429325e-01  -2.58446573e+00   4.66214211e+00   6.19405272e+00
   6.41501092e+00  -1.39588475e+00  -1.15347388e+01  -2.78612605e+00
   9.23197748e+00   1.38045703e+00  -5.55908039e+00   7.73670601e+00
   4.95311632e+00   2.98567951e+00  -7.49535143e+00  -2.65194939e+00
   1.62648870e+01   1.86554063e+01  -2.80099899e+00  -3.36826618e+00
   3.43436844e+00   1.16993439e+01  -4.30753081e-01  -7.98253039e+00
  -1.24045505e+01  -1.88074808e+00   7.41679634e+00  -6.88109010e-01
   3.74420202e+00   1.69791776e+01   1.29057826e+01   1.13607803e+01
   2.09255402e+01   2.39886032e+01   1.50792718e+01   6.52661911e+00
   8.39962778e-01   1.01905211e+01   1.45109106e+01   6.63261806e+00
  -1.69967159e+00   5.88225407e+00   4.72720830e+01   3.18672453e+01
  -5.01333961e+00  -1.15999649e+01  -1.87530789e+01  -5.54815356e+00
  -1.23230763e+01   9.76081808e-01   1.43247272e+00   2.33103030e+00
  -8.32096906e+00   4.78263837e+00   1.04823303e+00   6.13186487e+00
   8.50936858e+00   1.94757669e+00  -1.60419392e+01  -4.57634559e-01
  -2.71334521e+00  -2.00936484e+01   1.08001789e+00  -4.44428636e+00
  -2.80533075e+01  -4.91441709e+00  -1.20538677e+01  -2.23637812e+01
   1.06285788e+01   5.50037320e+00  -4.46392538e+00  -7.04543724e+00
  -1.53805064e+01  -1.72537181e+01  -2.95215501e+01  -1.36868579e+01
  -1.24968178e+01  -2.29746017e+01  -2.21798723e+01  -4.77369437e+00
  -2.21464227e+01  -1.36398717e+01  -1.10188571e+01   1.89309017e+01
   4.49054267e+01   1.49321307e+01  -1.87136223e-01  -1.44000782e+01
   1.23357856e+00  -9.38085636e+00  -1.10802834e+01  -1.79902376e+01
  -7.17526929e+00   6.94762321e+00  -5.93272820e-02   6.22788021e-01
   4.23009387e+00   3.52292069e+00  -2.33362779e+00  -4.87027005e+00
  -3.41146123e+00  -1.15541602e+01  -8.23212545e+00  -1.95436043e+01
  -1.25977269e+01  -8.15071949e+00  -1.64283722e+01  -1.76476865e+01
  -2.03172263e+01   1.93668775e+00   2.86363213e+01   1.97384912e+01
   1.29993547e+01   1.10688500e+01   1.02127737e+01  -2.31816904e+01
  -2.47829193e+01  -1.29813402e+01  -1.16827086e+01  -2.02415798e+01
  -6.38387486e+00  -2.25096757e+01  -1.69583373e+00   4.63918548e+00
   6.05688344e+00   5.46658047e+00   3.50338901e+00  -1.68688781e+00
   1.98936793e+00  -6.70718065e+00  -1.04848167e-01  -6.96594825e+00
  -3.35695267e+00  -1.98417534e+00  -4.59237172e+00   6.85333428e+00
   1.23725273e+01   2.70354794e+01   2.48471005e+01   3.33438706e+01
   2.08235472e+01  -1.29388606e+01  -1.65016917e+00   6.44922939e+00
   1.17822396e+01   3.33735397e+00  -2.68282110e+01  -1.25222603e+01
  -1.65051212e+00  -1.21036837e+01  -1.06422386e+01  -1.05216788e+01
   1.11010334e+01   6.59011942e+00   1.21695081e+01   1.20989897e+01
   2.37519485e+00   1.60957497e+00  -3.32426928e+00  -7.42100117e+00
  -8.36722537e+00  -4.99061384e+00   8.21129484e-01   1.07802038e+00
   4.50987773e+00   2.69551860e+01   1.22021737e+01   1.01369128e+01
   1.40285665e+01  -3.63108827e-01  -9.39343104e+00  -2.32999687e+01
  -9.64109275e+00  -3.14336504e+00   1.23910369e+01  -1.07744829e+01
  -2.12487377e+01  -1.26994486e+01   9.98374521e+00  -5.99403730e+00
   7.26509705e+00   9.44422367e+00   5.34920830e-01   5.69374147e+00
   4.38287060e+00   6.55212653e+00   5.27257793e+00  -4.02500163e+00
  -1.31930078e+01  -1.98301728e+00  -1.90181744e+00   8.29252731e+00
   1.24140961e+01   2.13438826e+01   1.82918801e+01   1.31322723e+01
   2.30205482e+00   1.68295205e+00  -5.30119961e+00   1.78167404e+01]",sample5.wav,129.19921875,46670.0,"[ 0.02512472  0.07015873  0.07156463  0.09578231  0.1137415   0.12353741
  0.09496599  0.11147392  0.07936508  0.07047619  0.06512472  0.06852608
  0.05188209  0.04943311  0.10063492  0.10539683  0.12018141  0.10408163
  0.06793651  0.078322    0.0814059   0.06435374  0.07337868  0.08086168
  0.09283447  0.05582766]"
6,0.10506310313940048,1457.679562484024,"[ -4.70630193e+02  -4.67356934e+02  -4.46936657e+02  -4.74282182e+02
  -5.06091452e+02  -5.41877430e+02  -4.49094759e+02  -4.34653172e+02
  -4.33253917e+02  -4.26309399e+02  -4.22156045e+02  -4.37320560e+02
  -4.72251260e+02  -4.48645291e+02  -4.10560259e+02  -4.13477434e+02
  -4.12330924e+02  -4.31468721e+02  -4.41561256e+02  -4.60903778e+02
  -4.57277618e+02  -4.39848167e+02  -4.55641868e+02  -4.22050409e+02
  -4.38426898e+02  -4.32680488e+02   1.48963139e+02   1.34596219e+02
   1.37481888e+02   1.62084741e+02   1.59814515e+02   1.53106706e+02
   1.41251374e+02   1.45874260e+02   1.20555676e+02   1.26644983e+02
   1.52906266e+02   1.70207995e+02   1.75269910e+02   1.10901044e+02
   1.46083678e+02   1.38947375e+02   1.39736409e+02   1.63595870e+02
   1.51090722e+02   1.46889435e+02   1.43739021e+02   1.62815093e+02
   1.47393483e+02   1.47400334e+02   1.32124383e+02   1.74679823e+02
  -3.20070743e+01  -3.75254384e+01  -4.36369795e+01  -3.42238821e+01
  -3.38703827e+01  -6.40800416e+00  -5.56472136e+01  -5.09527221e+01
  -5.53643837e+01  -5.58514132e+01  -5.69900842e+01  -6.71472189e+01
  -4.86126859e+01  -2.29078488e+01  -6.85895759e+01  -6.02553809e+01
  -5.02549148e+01  -3.56627887e+01  -4.88505399e+01  -4.96991696e+01
  -4.97195976e+01  -5.53473382e+01  -1.46107831e+01  -6.48923941e+01
  -6.45084964e+01  -4.72314664e+01   3.43043494e+01   2.02668415e+01
   2.22034621e+01   1.53250677e+01   8.31125533e+00   1.68419269e+01
   9.26579728e+00   1.90625482e+01   1.95445124e+01   3.97721509e+01
   3.34864969e+00   1.71529707e+01   1.91853815e+01   1.55922575e+01
   3.74052697e+01   4.88549743e+01   3.88155575e+01   2.62579260e+01
   2.58088350e+01   3.19177898e+01   5.13885265e+01   2.74718204e+01
   2.48894204e+01   3.94113510e+01   4.27535777e+01   2.39700311e+01
  -7.11392863e+00  -1.19468378e+01   2.40638878e+01  -2.12312094e+01
  -1.89845437e+01   1.95335589e+00   7.85131458e+00   4.41071715e+00
   2.86091989e+01   3.50231961e+01   1.77541511e+00  -9.35826392e+00
  -5.77709547e+00   3.20102654e+01   4.26242646e+01   3.80541559e+01
  -2.53024016e+01   1.05240634e+01   2.16748972e+01   3.17081280e+01
   3.36614854e+01  -1.16685407e+01   6.51809023e+00   2.90650773e+01
   3.73484462e+01  -1.46435328e+01  -1.17719203e+01  -2.15250225e+00
  -2.34104536e+00  -1.01046336e+01  -1.47988063e+01  -3.88074672e+00
  -1.78071469e+01  -1.27517148e+01  -2.06331361e+01  -2.48278666e+01
  -1.40612144e+01  -3.16133842e+01  -2.09792309e+01  -2.02180860e+01
  -3.38043934e+01  -2.71455410e+01   2.40557085e+00  -1.06342319e+01
  -8.69147040e+00  -1.88997125e+01  -2.06014767e+01  -1.54047430e+01
   1.50312423e+00  -2.47768335e+01  -2.10798553e+01  -3.27659806e+01
   6.94019303e+00   2.78237025e+01   2.85679950e+00   3.54658316e+01
   3.60191437e+01   2.41605661e+01   7.30908141e+00  -4.80874014e-01
  -7.54253439e+00  -1.32673988e+01   7.78908648e+00   1.74996964e+01
   1.25520750e+01  -1.02143948e+01  -9.89618255e+00  -9.04076213e+00
   2.79541275e+00   5.93895923e+00  -9.39757027e-01  -3.94153475e+00
  -4.84829653e+00  -5.38422982e-02  -1.47002516e+01  -2.27852583e+01
  -1.95268166e+01  -7.24173156e+00  -1.33651793e+01  -1.88800134e+01
  -1.64850819e+01  -5.33858630e+00  -3.26378646e+00   8.74046254e+00
   3.01962558e+01   1.39812450e+00  -4.44428760e+00  -5.16408845e+00
   3.83027815e+00   7.58282645e+00   1.72074302e+01   5.23662786e+00
   7.94925046e-01   1.87476955e+00   2.29964013e+01  -5.03748125e+00
  -1.66868052e+00  -7.09547269e+00  -5.79084148e+00   1.25390926e+01
   1.39353868e+01  -1.73816746e+00  -6.40145510e+00   1.06236376e-01
  -4.96140256e+00  -3.37328776e+00  -1.65486474e+01  -1.87157076e+00
  -2.73605745e+00  -9.42025118e-01  -2.72730449e+01  -9.64548330e+00
  -4.97017967e+00   1.29019604e+00  -2.64138870e+01  -9.64047094e+00
  -1.52318480e+01  -1.26846233e+00   8.25460458e-01   2.69923648e+00
  -1.93581268e+01  -1.49327609e+01  -1.79684462e+01  -1.74127727e+00
   8.79110967e+00  -9.63365360e+00  -4.41984305e+00   1.65901456e+01
   1.47775224e+01  -1.04499026e+01  -3.89460690e+00   3.28519034e+00
   2.12626875e+01   3.11209824e-01  -7.23107472e-01  -5.07201322e-01
  -1.39394953e+01  -4.15421247e-01   1.75882083e+00  -4.34616960e+00
  -2.22459741e+01  -2.63430434e+01  -1.18430558e+01  -2.46046530e+00
  -9.52505915e+00  -8.57826660e-01  -7.25881744e+00  -9.85605248e+00
  -2.32064310e+00  -1.27478181e+01  -9.40979904e+00  -9.04525379e+00
  -7.79083186e+00  -2.63600910e+01  -2.41660671e+01  -1.58043781e+01
  -1.93514299e+01  -1.21935648e+01  -3.62114689e+01  -2.25052932e+01
  -2.76346641e+01  -1.21878025e+01   3.13998026e+01   2.38913952e+01
   1.54117593e+01  -1.35984388e+00   9.99617471e-01   1.85242840e+01
   8.58456287e+00  -1.57448434e+01  -3.61485737e+00  -2.69639028e+00
   9.85995092e+00   1.14931352e+01   1.19320472e+01  -1.14990635e+01
  -1.01494272e+01   5.08906738e+00  -9.12377889e+00  -1.08790571e+00
  -1.39720351e+01   9.29835625e+00  -2.29082554e+00   2.05713840e+01
   3.97855183e+00   6.49100208e+00   6.65586200e+00   3.45535319e+00
  -5.42418265e+00   1.09545947e-04  -1.24439652e+01  -1.65219232e+01
  -4.85519224e-01  -1.36876071e+01  -7.83694250e+00  -1.34093130e-01
  -1.58777554e+01  -1.04568278e+01  -1.24987519e+01  -5.09336651e+00
   1.91917904e+00  -4.58198180e+00  -9.10478490e+00  -1.48449875e+00
   2.53054193e+00  -3.73080918e+00  -8.59206026e+00   4.93596656e+00
   2.05961985e+01   9.41483311e+00  -1.98281185e+00  -1.12425801e+00
   1.04663607e+00   8.04228934e+00  -9.37870605e+00  -7.94123460e+00
  -1.32187651e+01  -6.31863737e+00  -6.26420691e+00   4.63042370e-01
  -2.15889563e+00   3.12160738e+00   3.61182675e+00  -6.43000545e-01
  -1.14041710e+00  -8.07497431e+00  -1.28907274e+01   1.95694183e+00
   5.80711069e+00  -5.95787749e-01   6.29568412e-01   5.09344582e+00
   6.70159319e+00  -4.64105262e-01   1.90897521e+01   3.31850212e+00
  -6.28723471e-01   1.43795049e+01   1.36037174e+01   1.10036424e+01
   7.45784200e+00  -4.77988088e-01   2.62285236e+00   1.57009677e-01
   6.33237942e+00   9.35991278e+00   7.00331198e+00  -8.20028961e-01
   5.30202038e+00   1.23498629e+01  -1.43938606e+01  -1.20071421e+01
  -7.41790380e+00  -2.97544210e+00  -1.73844953e+00   4.17578223e+00
  -5.93389649e+00  -1.33036871e+01  -3.91445701e+00  -4.64881913e-01
   7.67874516e-01  -2.35774037e+01  -6.63677184e+00  -1.30967813e+01
  -1.72490370e+01  -6.97011553e+00  -1.76448526e+01   8.07968073e+00
   9.57552408e+00  -1.89458617e+00  -4.21304299e+00  -8.06441291e-01
   6.79521028e+00  -7.04936181e-01   1.74865416e+00  -3.56367460e+00
  -1.54476471e+01  -1.54686620e+00   7.96222459e+00  -3.00169347e+00
  -1.62265423e+00  -3.45673731e+00  -7.42134120e+00   2.06481303e+00
   6.14060499e+00   5.14524273e-01  -9.49404029e+00  -5.66625127e+00
  -1.00467275e+01  -9.54605287e+00  -1.21952138e+01  -1.15518331e+01
  -2.06711577e+01  -1.86123990e+01  -1.56767137e+01   9.91920387e-02
  -1.44132507e+01  -1.30030792e+01  -1.39987223e+01   2.10428941e+00
  -6.29044047e+00  -6.06865519e+00  -2.04475369e+01  -1.41039312e+01
  -5.26833496e+00  -2.06765995e+00  -9.69693492e+00  -1.45622738e+01
  -6.75169000e+00  -1.26112897e+01  -6.24227527e+00  -2.01228243e+01
  -1.26694670e+01   3.79252659e+00   1.30437163e+01  -3.47847359e+01
  -3.41448490e+01  -2.14782515e+01  -6.54775521e+00  -1.55950204e+01
  -2.02141636e+01  -1.24013957e+01   2.25233859e+00  -2.62470343e+00
   5.24228192e+00   3.06516904e-01   9.88131800e+00  -1.59468691e+00
   1.89046068e+01  -2.80849411e+00  -7.30857462e+00  -3.21701633e+00
  -8.86931620e-01  -8.28938961e+00  -8.34236731e+00  -3.71657867e+00
  -7.43210426e+00  -1.72418911e+01  -1.01253477e+01   1.74512174e+01
   3.14487534e+01  -6.94161735e+00  -3.95644116e+00   2.36643577e-01
  -2.37651628e+01  -9.56477469e+00  -5.47253324e+00  -5.05869166e+00
   4.54171039e+00   9.50176591e+00   5.50363375e+00   6.56549871e+00
  -6.78004399e+00   4.31809352e-02   2.71421541e+01   7.55171791e+00
  -5.89534797e+00  -1.25611108e+01  -1.24866453e+01  -2.07711941e+00
   6.27444792e+00  -6.59816812e+00  -7.12566311e+00  -3.93648992e+00
   1.02728044e+01   1.52327491e+01   1.57137346e+01   4.06684712e+00
   1.42459481e+01   6.61620428e+00   6.24431351e+00  -2.17728638e+00
  -4.41594662e+00  -1.87270427e+01  -1.05029952e+01  -4.39022076e+00
   3.08410365e+00  -4.98495859e-01  -1.69674750e+00  -5.48337294e+00
   2.73886743e+01  -1.51156159e+00  -1.43633654e+01  -1.16341601e+01
  -2.45017226e+00  -3.14143762e+00  -2.36845925e+00   5.35692681e+00
  -6.84043224e+00  -4.33522355e+00   1.11452890e+01   4.25151229e+00
   8.36876607e+00   1.77961606e+01   2.25329077e+01   1.32659090e+01
   1.24591390e+01   1.12849859e+01   6.73630942e+00  -8.39825617e-01
  -1.35651770e+01   1.50823969e+00   2.79278558e+00   2.92986104e+00
  -6.58354464e+00   1.55028408e+00   4.84086353e+00  -3.76647893e+00
  -1.34374373e+01  -2.67982428e+00  -1.03567336e-01  -2.85080597e+00
   4.55009337e+00  -2.01384597e+00   1.80150802e+00   5.64536612e-01]",sample6.wav,117.45383522727273,50783.0,"[ 0.03655329  0.09342404  0.07147392  0.08462585  0.08947846  0.06195011
  0.08562358  0.09759637  0.1185941   0.09473923  0.09292517  0.09342404
  0.08430839  0.12231293  0.10512472  0.09646259  0.09673469  0.07809524
  0.08421769  0.08494331  0.09147392  0.08888889  0.07333333  0.12394558
  0.12        0.03260771]"
